timestamp_utc,mode,memory_used_mb
2026-06-16T02:36:59.244533+00:00,contiguous,903.0
2026-06-16T02:36:59.554104+00:00,contiguous,903.0
2026-06-16T02:36:59.859189+00:00,contiguous,903.0
2026-06-16T02:37:00.173233+00:00,contiguous,903.0
2026-06-16T02:37:00.483416+00:00,contiguous,903.0
2026-06-16T02:37:00.792252+00:00,contiguous,903.0
2026-06-16T02:37:01.103306+00:00,contiguous,889.0
2026-06-16T02:37:01.417034+00:00,contiguous,889.0
2026-06-16T02:37:01.725990+00:00,contiguous,889.0
2026-06-16T02:37:02.032583+00:00,contiguous,829.0
2026-06-16T02:37:02.343440+00:00,contiguous,829.0
2026-06-16T02:37:02.719300+00:00,contiguous,829.0
2026-06-16T02:37:03.035465+00:00,contiguous,840.0
2026-06-16T02:37:03.404941+00:00,contiguous,1786.0
2026-06-16T02:37:03.706329+00:00,contiguous,3044.0
2026-06-16T02:37:04.021544+00:00,contiguous,4243.0
2026-06-16T02:37:04.330092+00:00,contiguous,4273.0
2026-06-16T02:37:04.635381+00:00,contiguous,4275.0
2026-06-16T02:37:04.940674+00:00,contiguous,4397.0
2026-06-16T02:37:05.266961+00:00,contiguous,4403.0
2026-06-16T02:37:05.581398+00:00,contiguous,4569.0
2026-06-16T02:37:05.902733+00:00,contiguous,4817.0
2026-06-16T02:37:06.252286+00:00,contiguous,4859.0
2026-06-16T02:37:06.562114+00:00,contiguous,4859.0
2026-06-16T02:37:06.869628+00:00,contiguous,4859.0
2026-06-16T02:37:07.177904+00:00,contiguous,4859.0
2026-06-16T02:37:07.485114+00:00,contiguous,4859.0
2026-06-16T02:37:07.795080+00:00,contiguous,4859.0
2026-06-16T02:37:08.102790+00:00,contiguous,4859.0
2026-06-16T02:37:08.408110+00:00,contiguous,4859.0
2026-06-16T02:37:08.713884+00:00,contiguous,4859.0
2026-06-16T02:37:09.021038+00:00,contiguous,4859.0
2026-06-16T02:37:09.322385+00:00,contiguous,4859.0
2026-06-16T02:37:09.626493+00:00,contiguous,4859.0
2026-06-16T02:37:09.926509+00:00,contiguous,4859.0
2026-06-16T02:37:10.227420+00:00,contiguous,4859.0
2026-06-16T02:37:10.526340+00:00,contiguous,4859.0
2026-06-16T02:37:10.825688+00:00,contiguous,4859.0
2026-06-16T02:37:11.132638+00:00,contiguous,4859.0
2026-06-16T02:37:11.436613+00:00,contiguous,4859.0
2026-06-16T02:37:11.738951+00:00,contiguous,4859.0
2026-06-16T02:37:12.059374+00:00,contiguous,4859.0
2026-06-16T02:37:12.365390+00:00,contiguous,4859.0
2026-06-16T02:37:12.673117+00:00,contiguous,4859.0
2026-06-16T02:37:12.979356+00:00,contiguous,4859.0
2026-06-16T02:37:13.285023+00:00,contiguous,4859.0
2026-06-16T02:37:13.590059+00:00,contiguous,4859.0
2026-06-16T02:37:13.897141+00:00,contiguous,4859.0
2026-06-16T02:37:14.200379+00:00,contiguous,4859.0
2026-06-16T02:37:14.507244+00:00,contiguous,4859.0
2026-06-16T02:37:14.811299+00:00,contiguous,4859.0
2026-06-16T02:37:15.113215+00:00,contiguous,4859.0
2026-06-16T02:37:15.418224+00:00,contiguous,4859.0
2026-06-16T02:37:15.721805+00:00,contiguous,4859.0
2026-06-16T02:37:16.024873+00:00,contiguous,4859.0
2026-06-16T02:37:16.330302+00:00,contiguous,4859.0
2026-06-16T02:37:16.635818+00:00,contiguous,4859.0
2026-06-16T02:37:16.942813+00:00,contiguous,4859.0
2026-06-16T02:37:17.246739+00:00,contiguous,4859.0
2026-06-16T02:37:17.554489+00:00,contiguous,4859.0
2026-06-16T02:37:17.855805+00:00,contiguous,4859.0
2026-06-16T02:37:18.163175+00:00,contiguous,4859.0
2026-06-16T02:37:18.469864+00:00,contiguous,4859.0
2026-06-16T02:37:18.774483+00:00,contiguous,4859.0
2026-06-16T02:37:19.083298+00:00,contiguous,4859.0
2026-06-16T02:37:19.395074+00:00,contiguous,4859.0
2026-06-16T02:37:19.698757+00:00,contiguous,4859.0
2026-06-16T02:37:20.021226+00:00,contiguous,4859.0
2026-06-16T02:37:20.330643+00:00,contiguous,4859.0
2026-06-16T02:37:20.633021+00:00,contiguous,4859.0
2026-06-16T02:37:20.936611+00:00,contiguous,4859.0
2026-06-16T02:37:21.241994+00:00,contiguous,4859.0
2026-06-16T02:37:21.547573+00:00,contiguous,4859.0
2026-06-16T02:37:21.852749+00:00,contiguous,4859.0
2026-06-16T02:37:22.160902+00:00,contiguous,4859.0
2026-06-16T02:37:22.468120+00:00,contiguous,4859.0
2026-06-16T02:37:22.775312+00:00,contiguous,4859.0
2026-06-16T02:37:23.079067+00:00,contiguous,4859.0
2026-06-16T02:37:23.408455+00:00,contiguous,4859.0
2026-06-16T02:37:23.714814+00:00,contiguous,4859.0
2026-06-16T02:37:24.019521+00:00,contiguous,4859.0
2026-06-16T02:37:24.323476+00:00,contiguous,4859.0
2026-06-16T02:37:24.626156+00:00,contiguous,4859.0
2026-06-16T02:37:24.928257+00:00,contiguous,4859.0
2026-06-16T02:37:25.229350+00:00,contiguous,4859.0
2026-06-16T02:37:25.534491+00:00,contiguous,4859.0
2026-06-16T02:37:25.840560+00:00,contiguous,4859.0
2026-06-16T02:37:26.145484+00:00,contiguous,4859.0
2026-06-16T02:37:26.444947+00:00,contiguous,4859.0
2026-06-16T02:37:26.751835+00:00,contiguous,4859.0
2026-06-16T02:37:27.062815+00:00,contiguous,4859.0
2026-06-16T02:37:27.365476+00:00,contiguous,4859.0
2026-06-16T02:37:27.671677+00:00,contiguous,4859.0
2026-06-16T02:37:27.979245+00:00,contiguous,4859.0
2026-06-16T02:37:28.282913+00:00,contiguous,4859.0
2026-06-16T02:37:28.587563+00:00,contiguous,4859.0
2026-06-16T02:37:28.889430+00:00,contiguous,4859.0
2026-06-16T02:37:29.216448+00:00,contiguous,4859.0
2026-06-16T02:37:29.525408+00:00,contiguous,4859.0
2026-06-16T02:37:29.830111+00:00,contiguous,4859.0
2026-06-16T02:37:30.132086+00:00,contiguous,4859.0
2026-06-16T02:37:30.436454+00:00,contiguous,4859.0
2026-06-16T02:37:30.741395+00:00,contiguous,4859.0
2026-06-16T02:37:31.063340+00:00,contiguous,4859.0
2026-06-16T02:37:31.375104+00:00,contiguous,4859.0
2026-06-16T02:37:31.679094+00:00,contiguous,4859.0
2026-06-16T02:37:32.010011+00:00,contiguous,4859.0
2026-06-16T02:37:32.311386+00:00,contiguous,4859.0
2026-06-16T02:37:32.618403+00:00,contiguous,4859.0
2026-06-16T02:37:32.920016+00:00,contiguous,4859.0
2026-06-16T02:37:33.228893+00:00,contiguous,4859.0
2026-06-16T02:37:33.534474+00:00,contiguous,4859.0
2026-06-16T02:37:33.837120+00:00,contiguous,4859.0
2026-06-16T02:37:34.141011+00:00,contiguous,4859.0
2026-06-16T02:37:34.443303+00:00,contiguous,4859.0
2026-06-16T02:37:34.745465+00:00,contiguous,4859.0
2026-06-16T02:37:35.052078+00:00,contiguous,4859.0
2026-06-16T02:37:35.355403+00:00,contiguous,4859.0
2026-06-16T02:37:35.658173+00:00,contiguous,4859.0
2026-06-16T02:37:35.958729+00:00,contiguous,4859.0
2026-06-16T02:37:36.260623+00:00,contiguous,4859.0
2026-06-16T02:37:36.567528+00:00,contiguous,4859.0
2026-06-16T02:37:36.894162+00:00,contiguous,4859.0
2026-06-16T02:37:37.219892+00:00,contiguous,4859.0
2026-06-16T02:37:37.522944+00:00,contiguous,4859.0
2026-06-16T02:37:37.826289+00:00,contiguous,4859.0
2026-06-16T02:37:38.134747+00:00,contiguous,4859.0
2026-06-16T02:37:38.439811+00:00,contiguous,4859.0
2026-06-16T02:37:38.744730+00:00,contiguous,4859.0
2026-06-16T02:37:39.048663+00:00,contiguous,4859.0
2026-06-16T02:37:39.350691+00:00,contiguous,4859.0
2026-06-16T02:37:39.656065+00:00,contiguous,4859.0
2026-06-16T02:37:39.959248+00:00,contiguous,4859.0
2026-06-16T02:37:40.266088+00:00,contiguous,4859.0
2026-06-16T02:37:40.567393+00:00,contiguous,4859.0
2026-06-16T02:37:40.867921+00:00,contiguous,4859.0
2026-06-16T02:37:41.172908+00:00,contiguous,4859.0
2026-06-16T02:37:41.478422+00:00,contiguous,4859.0
2026-06-16T02:37:41.784431+00:00,contiguous,4859.0
2026-06-16T02:37:42.089235+00:00,contiguous,4859.0
2026-06-16T02:37:42.392598+00:00,contiguous,4859.0
2026-06-16T02:37:42.696167+00:00,contiguous,4859.0
2026-06-16T02:37:43.016989+00:00,contiguous,4859.0
2026-06-16T02:37:43.325925+00:00,contiguous,4859.0
2026-06-16T02:37:43.631117+00:00,contiguous,4859.0
2026-06-16T02:37:43.940089+00:00,contiguous,4859.0
2026-06-16T02:37:44.246375+00:00,contiguous,4859.0
2026-06-16T02:37:44.551780+00:00,contiguous,4859.0
2026-06-16T02:37:44.855395+00:00,contiguous,4859.0
2026-06-16T02:37:45.160109+00:00,contiguous,4859.0
2026-06-16T02:37:45.462666+00:00,contiguous,4859.0
2026-06-16T02:37:45.769337+00:00,contiguous,4859.0
2026-06-16T02:37:46.073223+00:00,contiguous,4859.0
2026-06-16T02:37:46.401258+00:00,contiguous,4859.0
2026-06-16T02:37:46.706974+00:00,contiguous,4859.0
2026-06-16T02:37:47.020722+00:00,contiguous,4859.0
2026-06-16T02:37:47.322779+00:00,contiguous,4859.0
2026-06-16T02:37:47.627836+00:00,contiguous,4859.0
2026-06-16T02:37:47.928489+00:00,contiguous,4859.0
2026-06-16T02:37:48.230178+00:00,contiguous,4859.0
2026-06-16T02:37:48.531557+00:00,contiguous,4859.0
2026-06-16T02:37:48.834789+00:00,contiguous,4859.0
2026-06-16T02:37:49.140016+00:00,contiguous,4859.0
2026-06-16T02:37:49.444131+00:00,contiguous,4859.0
2026-06-16T02:37:49.745718+00:00,contiguous,4859.0
2026-06-16T02:37:50.074287+00:00,contiguous,4859.0
2026-06-16T02:37:50.382088+00:00,contiguous,4859.0
2026-06-16T02:37:50.683619+00:00,contiguous,4859.0
2026-06-16T02:37:50.998204+00:00,contiguous,4859.0
2026-06-16T02:37:51.304536+00:00,contiguous,4859.0
2026-06-16T02:37:51.619591+00:00,contiguous,4859.0
2026-06-16T02:37:51.923463+00:00,contiguous,4859.0
2026-06-16T02:37:52.236181+00:00,contiguous,4859.0
2026-06-16T02:37:52.540915+00:00,contiguous,4859.0
2026-06-16T02:37:52.842693+00:00,contiguous,4859.0
2026-06-16T02:37:53.146348+00:00,contiguous,4859.0
2026-06-16T02:37:53.450779+00:00,contiguous,4859.0
2026-06-16T02:37:53.754052+00:00,contiguous,4859.0
2026-06-16T02:37:54.055145+00:00,contiguous,4859.0
2026-06-16T02:37:54.357870+00:00,contiguous,4859.0
2026-06-16T02:37:54.661836+00:00,contiguous,4859.0
2026-06-16T02:37:54.965932+00:00,contiguous,4859.0
2026-06-16T02:37:55.272190+00:00,contiguous,4859.0
2026-06-16T02:37:55.583289+00:00,contiguous,4859.0
2026-06-16T02:37:55.887205+00:00,contiguous,4859.0
2026-06-16T02:37:56.195526+00:00,contiguous,4859.0
2026-06-16T02:37:56.499556+00:00,contiguous,4859.0
2026-06-16T02:37:56.803168+00:00,contiguous,4859.0
2026-06-16T02:37:57.110614+00:00,contiguous,4859.0
2026-06-16T02:37:57.411897+00:00,contiguous,4859.0
2026-06-16T02:37:57.717245+00:00,contiguous,4859.0
2026-06-16T02:37:58.022545+00:00,contiguous,4859.0
2026-06-16T02:37:58.333640+00:00,contiguous,4859.0
2026-06-16T02:37:58.638468+00:00,contiguous,4859.0
2026-06-16T02:37:58.943445+00:00,contiguous,4859.0
2026-06-16T02:37:59.247210+00:00,contiguous,4859.0
2026-06-16T02:37:59.551917+00:00,contiguous,4859.0
2026-06-16T02:37:59.857170+00:00,contiguous,4859.0
2026-06-16T02:38:00.164642+00:00,contiguous,4859.0
2026-06-16T02:38:00.471536+00:00,contiguous,4859.0
2026-06-16T02:38:00.799347+00:00,contiguous,4859.0
2026-06-16T02:38:01.114218+00:00,contiguous,4859.0
2026-06-16T02:38:01.421812+00:00,contiguous,4859.0
2026-06-16T02:38:01.732990+00:00,contiguous,4859.0
2026-06-16T02:38:02.040855+00:00,contiguous,4859.0
2026-06-16T02:38:02.347679+00:00,contiguous,4859.0
2026-06-16T02:38:02.652634+00:00,contiguous,4859.0
2026-06-16T02:38:02.958124+00:00,contiguous,4859.0
2026-06-16T02:38:03.263963+00:00,contiguous,4859.0
2026-06-16T02:38:03.571960+00:00,contiguous,4859.0
2026-06-16T02:38:03.875081+00:00,contiguous,4859.0
2026-06-16T02:38:04.178294+00:00,contiguous,4859.0
2026-06-16T02:38:04.485390+00:00,contiguous,4859.0
2026-06-16T02:38:04.806857+00:00,contiguous,4859.0
2026-06-16T02:38:05.113192+00:00,contiguous,4859.0
2026-06-16T02:38:05.423605+00:00,contiguous,4859.0
2026-06-16T02:38:05.729119+00:00,contiguous,4859.0
2026-06-16T02:38:06.037640+00:00,contiguous,4859.0
2026-06-16T02:38:06.340465+00:00,contiguous,4859.0
2026-06-16T02:38:06.645978+00:00,contiguous,4859.0
2026-06-16T02:38:06.949278+00:00,contiguous,4859.0
2026-06-16T02:38:07.254021+00:00,contiguous,4859.0
2026-06-16T02:38:07.571937+00:00,contiguous,4859.0
2026-06-16T02:38:07.877417+00:00,contiguous,4859.0
2026-06-16T02:38:08.180456+00:00,contiguous,4859.0
2026-06-16T02:38:08.482242+00:00,contiguous,4859.0
2026-06-16T02:38:08.808019+00:00,contiguous,4859.0
2026-06-16T02:38:09.111629+00:00,contiguous,4859.0
2026-06-16T02:38:09.419841+00:00,contiguous,4859.0
2026-06-16T02:38:09.725029+00:00,contiguous,4859.0
2026-06-16T02:38:10.059397+00:00,contiguous,4859.0
2026-06-16T02:38:10.367383+00:00,contiguous,4859.0
2026-06-16T02:38:10.677860+00:00,contiguous,4859.0
2026-06-16T02:38:11.006870+00:00,contiguous,4859.0
2026-06-16T02:38:11.314815+00:00,contiguous,4859.0
2026-06-16T02:38:11.645596+00:00,contiguous,4859.0
2026-06-16T02:38:11.949210+00:00,contiguous,4859.0
2026-06-16T02:38:12.254354+00:00,contiguous,4859.0
2026-06-16T02:38:12.560949+00:00,contiguous,4859.0
2026-06-16T02:38:12.876813+00:00,contiguous,4859.0
2026-06-16T02:38:13.182979+00:00,contiguous,4859.0
2026-06-16T02:38:13.488237+00:00,contiguous,4859.0
2026-06-16T02:38:13.812609+00:00,contiguous,4859.0
2026-06-16T02:38:14.116271+00:00,contiguous,4859.0
2026-06-16T02:38:14.430502+00:00,contiguous,4859.0
2026-06-16T02:38:14.736875+00:00,contiguous,4859.0
2026-06-16T02:38:15.039810+00:00,contiguous,4859.0
2026-06-16T02:38:15.356052+00:00,contiguous,4859.0
2026-06-16T02:38:15.662672+00:00,contiguous,4859.0
2026-06-16T02:38:15.972827+00:00,contiguous,4859.0
2026-06-16T02:38:16.277951+00:00,contiguous,4859.0
2026-06-16T02:38:16.618104+00:00,contiguous,4859.0
2026-06-16T02:38:16.936983+00:00,contiguous,4859.0
2026-06-16T02:38:17.240615+00:00,contiguous,4859.0
2026-06-16T02:38:17.548990+00:00,contiguous,4859.0
2026-06-16T02:38:17.855907+00:00,contiguous,4859.0
2026-06-16T02:38:18.162863+00:00,contiguous,4859.0
2026-06-16T02:38:18.470559+00:00,contiguous,4859.0
2026-06-16T02:38:18.778497+00:00,contiguous,4859.0
2026-06-16T02:38:19.086649+00:00,contiguous,4859.0
2026-06-16T02:38:19.410076+00:00,contiguous,4859.0
2026-06-16T02:38:19.717847+00:00,contiguous,4859.0
2026-06-16T02:38:20.032888+00:00,contiguous,4859.0
2026-06-16T02:38:20.340393+00:00,contiguous,4859.0
2026-06-16T02:38:20.658042+00:00,contiguous,4859.0
2026-06-16T02:38:20.964269+00:00,contiguous,4859.0
2026-06-16T02:38:21.311817+00:00,contiguous,4859.0
2026-06-16T02:38:21.624864+00:00,contiguous,4859.0
2026-06-16T02:38:21.933337+00:00,contiguous,4859.0
2026-06-16T02:38:22.240693+00:00,contiguous,4859.0
2026-06-16T02:38:22.549330+00:00,contiguous,4859.0
2026-06-16T02:38:22.857737+00:00,contiguous,4859.0
2026-06-16T02:38:23.167961+00:00,contiguous,4859.0
2026-06-16T02:38:23.473918+00:00,contiguous,4859.0
2026-06-16T02:38:23.783406+00:00,contiguous,4859.0
2026-06-16T02:38:24.090183+00:00,contiguous,4859.0
2026-06-16T02:38:24.398903+00:00,contiguous,4859.0
2026-06-16T02:38:24.707631+00:00,contiguous,4859.0
2026-06-16T02:38:25.015129+00:00,contiguous,4859.0
2026-06-16T02:38:25.321947+00:00,contiguous,4859.0
2026-06-16T02:38:25.631589+00:00,contiguous,4859.0
2026-06-16T02:38:25.937278+00:00,contiguous,4859.0
2026-06-16T02:38:26.247274+00:00,contiguous,4859.0
2026-06-16T02:38:26.554461+00:00,contiguous,4859.0
2026-06-16T02:38:26.862364+00:00,contiguous,4859.0
2026-06-16T02:38:27.166909+00:00,contiguous,4859.0
2026-06-16T02:38:27.473472+00:00,contiguous,4859.0
2026-06-16T02:38:27.778990+00:00,contiguous,4859.0
2026-06-16T02:38:28.086132+00:00,contiguous,4859.0
2026-06-16T02:38:28.395194+00:00,contiguous,4859.0
2026-06-16T02:38:28.697426+00:00,contiguous,4859.0
2026-06-16T02:38:29.002893+00:00,contiguous,4859.0
2026-06-16T02:38:29.310127+00:00,contiguous,4859.0
2026-06-16T02:38:29.629129+00:00,contiguous,4859.0
2026-06-16T02:38:29.935706+00:00,contiguous,4859.0
2026-06-16T02:38:30.249920+00:00,contiguous,4859.0
2026-06-16T02:38:30.553757+00:00,contiguous,4859.0
2026-06-16T02:38:30.856512+00:00,contiguous,4859.0
2026-06-16T02:38:31.167039+00:00,contiguous,4859.0
2026-06-16T02:38:31.468881+00:00,contiguous,4859.0
2026-06-16T02:38:31.773278+00:00,contiguous,4859.0
2026-06-16T02:38:32.081811+00:00,contiguous,4859.0
2026-06-16T02:38:32.405598+00:00,contiguous,4859.0
2026-06-16T02:38:32.711106+00:00,contiguous,4859.0
2026-06-16T02:38:33.017613+00:00,contiguous,4859.0
2026-06-16T02:38:33.320891+00:00,contiguous,4859.0
2026-06-16T02:38:33.626907+00:00,contiguous,4859.0
2026-06-16T02:38:33.933819+00:00,contiguous,4859.0
2026-06-16T02:38:34.235310+00:00,contiguous,4859.0
2026-06-16T02:38:34.542175+00:00,contiguous,4859.0
2026-06-16T02:38:34.847975+00:00,contiguous,4859.0
2026-06-16T02:38:35.155409+00:00,contiguous,4859.0
2026-06-16T02:38:35.461194+00:00,contiguous,4859.0
2026-06-16T02:38:35.766240+00:00,contiguous,4859.0
2026-06-16T02:38:36.071850+00:00,contiguous,4859.0
2026-06-16T02:38:36.375673+00:00,contiguous,4859.0
2026-06-16T02:38:36.695087+00:00,contiguous,4859.0
2026-06-16T02:38:37.017561+00:00,contiguous,4859.0
2026-06-16T02:38:37.322074+00:00,contiguous,4859.0
2026-06-16T02:38:37.628671+00:00,contiguous,4859.0
2026-06-16T02:38:37.937422+00:00,contiguous,4859.0
2026-06-16T02:38:38.245391+00:00,contiguous,4859.0
2026-06-16T02:38:38.551765+00:00,contiguous,4859.0
2026-06-16T02:38:38.856338+00:00,contiguous,4859.0
2026-06-16T02:38:39.161513+00:00,contiguous,4859.0
2026-06-16T02:38:39.466514+00:00,contiguous,4859.0
2026-06-16T02:38:39.770271+00:00,contiguous,4859.0
2026-06-16T02:38:40.076051+00:00,contiguous,4859.0
2026-06-16T02:38:40.383445+00:00,contiguous,4859.0
2026-06-16T02:38:40.691497+00:00,contiguous,4859.0
2026-06-16T02:38:41.012805+00:00,contiguous,4859.0
2026-06-16T02:38:41.318621+00:00,contiguous,4859.0
2026-06-16T02:38:41.627427+00:00,contiguous,4859.0
2026-06-16T02:38:41.934736+00:00,contiguous,4859.0
2026-06-16T02:38:42.238817+00:00,contiguous,4859.0
2026-06-16T02:38:42.543925+00:00,contiguous,4859.0
2026-06-16T02:38:42.846798+00:00,contiguous,4859.0
2026-06-16T02:38:43.149205+00:00,contiguous,4859.0
2026-06-16T02:38:43.450143+00:00,contiguous,4859.0
2026-06-16T02:38:43.750940+00:00,contiguous,4859.0
2026-06-16T02:38:44.053086+00:00,contiguous,4859.0
2026-06-16T02:38:44.360083+00:00,contiguous,4859.0
2026-06-16T02:38:44.701914+00:00,contiguous,4859.0
2026-06-16T02:38:45.022832+00:00,contiguous,4859.0
2026-06-16T02:38:45.325845+00:00,contiguous,4859.0
2026-06-16T02:38:45.632810+00:00,contiguous,4859.0
2026-06-16T02:38:45.937306+00:00,contiguous,4859.0
2026-06-16T02:38:46.243863+00:00,contiguous,4859.0
2026-06-16T02:38:46.546606+00:00,contiguous,4859.0
2026-06-16T02:38:46.854059+00:00,contiguous,4859.0
2026-06-16T02:38:47.160174+00:00,contiguous,4859.0
2026-06-16T02:38:47.469668+00:00,contiguous,4859.0
2026-06-16T02:38:47.776408+00:00,contiguous,4859.0
2026-06-16T02:38:48.083760+00:00,contiguous,4859.0
2026-06-16T02:38:48.410148+00:00,contiguous,4859.0
2026-06-16T02:38:48.720417+00:00,contiguous,4859.0
2026-06-16T02:38:49.034441+00:00,contiguous,4859.0
2026-06-16T02:38:49.341032+00:00,contiguous,4859.0
2026-06-16T02:38:49.649785+00:00,contiguous,4859.0
2026-06-16T02:38:49.957154+00:00,contiguous,4859.0
2026-06-16T02:38:50.261555+00:00,contiguous,4859.0
2026-06-16T02:38:50.570411+00:00,contiguous,4859.0
2026-06-16T02:38:50.879639+00:00,contiguous,4859.0
2026-06-16T02:38:51.208743+00:00,contiguous,4859.0
2026-06-16T02:38:51.515391+00:00,contiguous,4859.0
2026-06-16T02:38:51.823501+00:00,contiguous,4859.0
2026-06-16T02:38:52.130710+00:00,contiguous,4859.0
2026-06-16T02:38:52.438668+00:00,contiguous,4859.0
2026-06-16T02:38:52.747582+00:00,contiguous,4859.0
2026-06-16T02:38:53.052854+00:00,contiguous,4859.0
2026-06-16T02:38:53.358047+00:00,contiguous,4859.0
2026-06-16T02:38:53.666243+00:00,contiguous,4859.0
2026-06-16T02:38:53.974152+00:00,contiguous,4859.0
2026-06-16T02:38:54.281771+00:00,contiguous,4859.0
2026-06-16T02:38:54.586841+00:00,contiguous,4859.0
2026-06-16T02:38:54.894946+00:00,contiguous,4859.0
2026-06-16T02:38:55.220689+00:00,contiguous,4859.0
2026-06-16T02:38:55.526911+00:00,contiguous,4859.0
2026-06-16T02:38:55.832701+00:00,contiguous,4859.0
2026-06-16T02:38:56.138653+00:00,contiguous,4859.0
2026-06-16T02:38:56.448389+00:00,contiguous,4859.0
2026-06-16T02:38:56.757374+00:00,contiguous,4859.0
2026-06-16T02:38:57.067471+00:00,contiguous,4859.0
2026-06-16T02:38:57.373905+00:00,contiguous,4859.0
2026-06-16T02:38:57.679985+00:00,contiguous,4859.0
2026-06-16T02:38:57.987838+00:00,contiguous,4859.0
2026-06-16T02:38:58.296286+00:00,contiguous,4859.0
2026-06-16T02:39:02.680078+00:00,paged,828.0
2026-06-16T02:39:02.984500+00:00,paged,828.0
2026-06-16T02:39:03.287163+00:00,paged,828.0
2026-06-16T02:39:03.589000+00:00,paged,828.0
2026-06-16T02:39:03.894136+00:00,paged,828.0
2026-06-16T02:39:04.196040+00:00,paged,828.0
2026-06-16T02:39:04.500654+00:00,paged,828.0
2026-06-16T02:39:04.804230+00:00,paged,828.0
2026-06-16T02:39:05.111084+00:00,paged,828.0
2026-06-16T02:39:05.419735+00:00,paged,828.0
2026-06-16T02:39:05.767108+00:00,paged,828.0
2026-06-16T02:39:06.077502+00:00,paged,839.0
2026-06-16T02:39:06.415699+00:00,paged,1891.0
2026-06-16T02:39:06.716340+00:00,paged,3235.0
2026-06-16T02:39:07.022043+00:00,paged,4113.0
2026-06-16T02:39:07.330572+00:00,paged,4113.0
2026-06-16T02:39:07.633696+00:00,paged,4145.0
2026-06-16T02:39:07.939576+00:00,paged,4147.0
2026-06-16T02:39:08.244189+00:00,paged,4151.0
2026-06-16T02:39:08.551381+00:00,paged,5067.0
2026-06-16T02:39:08.861268+00:00,paged,5069.0
2026-06-16T02:39:09.172559+00:00,paged,5069.0
2026-06-16T02:39:09.479957+00:00,paged,5069.0
2026-06-16T02:39:09.788979+00:00,paged,5069.0
2026-06-16T02:39:10.097506+00:00,paged,5069.0
2026-06-16T02:39:10.405877+00:00,paged,5069.0
2026-06-16T02:39:10.714201+00:00,paged,5069.0
2026-06-16T02:39:11.024112+00:00,paged,5069.0
2026-06-16T02:39:11.354352+00:00,paged,5069.0
2026-06-16T02:39:11.662925+00:00,paged,5069.0
2026-06-16T02:39:11.968006+00:00,paged,5069.0
2026-06-16T02:39:12.276570+00:00,paged,5069.0
2026-06-16T02:39:12.584194+00:00,paged,5069.0
2026-06-16T02:39:12.887409+00:00,paged,5069.0
2026-06-16T02:39:13.192852+00:00,paged,5165.0
2026-06-16T02:39:13.499798+00:00,paged,5185.0
2026-06-16T02:39:13.804402+00:00,paged,5185.0
2026-06-16T02:39:14.108773+00:00,paged,5185.0
2026-06-16T02:39:14.411958+00:00,paged,5185.0
2026-06-16T02:39:14.715168+00:00,paged,5185.0
2026-06-16T02:39:15.028093+00:00,paged,5185.0
2026-06-16T02:39:15.336333+00:00,paged,5185.0
2026-06-16T02:39:15.646935+00:00,paged,5185.0
2026-06-16T02:39:15.963397+00:00,paged,5185.0
2026-06-16T02:39:16.268401+00:00,paged,5185.0
2026-06-16T02:39:16.577749+00:00,paged,5185.0
2026-06-16T02:39:16.885772+00:00,paged,5185.0
2026-06-16T02:39:17.197863+00:00,paged,5185.0
2026-06-16T02:39:17.510616+00:00,paged,5185.0
2026-06-16T02:39:17.819413+00:00,paged,5185.0
2026-06-16T02:39:18.129163+00:00,paged,5185.0
2026-06-16T02:39:18.432471+00:00,paged,5185.0
2026-06-16T02:39:18.734418+00:00,paged,5185.0
2026-06-16T02:39:19.037740+00:00,paged,5185.0
2026-06-16T02:39:19.342122+00:00,paged,5185.0
2026-06-16T02:39:19.646104+00:00,paged,5185.0
2026-06-16T02:39:19.950475+00:00,paged,5315.0
2026-06-16T02:39:20.260058+00:00,paged,5317.0
2026-06-16T02:39:20.567847+00:00,paged,5317.0
2026-06-16T02:39:20.872525+00:00,paged,5317.0
2026-06-16T02:39:21.176367+00:00,paged,5317.0
2026-06-16T02:39:21.479279+00:00,paged,5317.0
2026-06-16T02:39:21.780817+00:00,paged,5317.0
2026-06-16T02:39:22.082887+00:00,paged,5317.0
2026-06-16T02:39:22.384532+00:00,paged,5317.0
2026-06-16T02:39:22.688099+00:00,paged,5317.0
2026-06-16T02:39:22.991654+00:00,paged,5317.0
2026-06-16T02:39:23.293306+00:00,paged,5317.0
2026-06-16T02:39:23.593801+00:00,paged,5317.0
2026-06-16T02:39:23.898158+00:00,paged,5317.0
2026-06-16T02:39:24.201958+00:00,paged,5317.0
2026-06-16T02:39:24.503613+00:00,paged,5317.0
2026-06-16T02:39:24.803025+00:00,paged,5317.0
2026-06-16T02:39:25.103752+00:00,paged,5317.0
2026-06-16T02:39:25.404470+00:00,paged,5317.0
2026-06-16T02:39:25.706762+00:00,paged,5317.0
2026-06-16T02:39:26.009858+00:00,paged,5317.0
2026-06-16T02:39:26.311734+00:00,paged,5317.0
2026-06-16T02:39:26.617282+00:00,paged,5317.0
2026-06-16T02:39:26.921125+00:00,paged,5317.0
2026-06-16T02:39:27.229565+00:00,paged,5317.0
2026-06-16T02:39:27.537096+00:00,paged,5317.0
2026-06-16T02:39:27.838745+00:00,paged,5317.0
2026-06-16T02:39:28.147410+00:00,paged,5317.0
2026-06-16T02:39:28.450704+00:00,paged,5317.0
2026-06-16T02:39:28.753617+00:00,paged,5317.0
2026-06-16T02:39:29.054678+00:00,paged,5317.0
2026-06-16T02:39:29.360168+00:00,paged,5317.0
2026-06-16T02:39:29.664891+00:00,paged,5317.0
2026-06-16T02:39:29.968519+00:00,paged,5317.0
2026-06-16T02:39:30.278101+00:00,paged,5317.0
2026-06-16T02:39:30.580328+00:00,paged,5317.0
2026-06-16T02:39:30.880788+00:00,paged,5317.0
2026-06-16T02:39:31.185961+00:00,paged,5317.0
2026-06-16T02:39:31.486264+00:00,paged,5317.0
2026-06-16T02:39:31.790529+00:00,paged,5317.0
2026-06-16T02:39:32.094672+00:00,paged,5317.0
2026-06-16T02:39:32.397281+00:00,paged,5317.0
2026-06-16T02:39:32.703075+00:00,paged,5317.0
2026-06-16T02:39:33.007373+00:00,paged,5317.0
2026-06-16T02:39:33.315191+00:00,paged,5317.0
2026-06-16T02:39:33.618536+00:00,paged,5317.0
2026-06-16T02:39:33.921752+00:00,paged,5317.0
2026-06-16T02:39:34.226015+00:00,paged,5317.0
2026-06-16T02:39:34.526697+00:00,paged,5317.0
2026-06-16T02:39:34.828595+00:00,paged,5527.0
2026-06-16T02:39:35.131639+00:00,paged,5527.0
2026-06-16T02:39:35.432426+00:00,paged,5527.0
2026-06-16T02:39:35.740973+00:00,paged,5527.0
2026-06-16T02:39:36.043164+00:00,paged,5527.0
2026-06-16T02:39:36.345464+00:00,paged,5527.0
2026-06-16T02:39:36.647737+00:00,paged,5527.0
2026-06-16T02:39:36.947134+00:00,paged,5527.0
2026-06-16T02:39:37.250414+00:00,paged,5527.0
2026-06-16T02:39:37.554999+00:00,paged,5527.0
2026-06-16T02:39:37.856173+00:00,paged,5527.0
2026-06-16T02:39:38.158425+00:00,paged,5527.0
2026-06-16T02:39:38.461408+00:00,paged,5527.0
2026-06-16T02:39:38.766030+00:00,paged,5527.0
2026-06-16T02:39:39.067445+00:00,paged,5527.0
2026-06-16T02:39:39.367970+00:00,paged,5527.0
2026-06-16T02:39:39.667990+00:00,paged,5527.0
2026-06-16T02:39:39.969499+00:00,paged,5527.0
2026-06-16T02:39:40.275647+00:00,paged,5527.0
2026-06-16T02:39:40.576867+00:00,paged,5527.0
2026-06-16T02:39:40.876124+00:00,paged,5527.0
2026-06-16T02:39:41.177028+00:00,paged,5527.0
2026-06-16T02:39:41.479868+00:00,paged,5527.0
2026-06-16T02:39:41.781489+00:00,paged,5527.0
2026-06-16T02:39:42.087695+00:00,paged,5527.0
2026-06-16T02:39:42.387771+00:00,paged,5689.0
2026-06-16T02:39:42.687724+00:00,paged,5689.0
2026-06-16T02:39:42.986504+00:00,paged,5689.0
2026-06-16T02:39:43.287852+00:00,paged,5689.0
2026-06-16T02:39:43.590556+00:00,paged,5689.0
2026-06-16T02:39:43.891474+00:00,paged,5689.0
2026-06-16T02:39:44.199768+00:00,paged,5689.0
2026-06-16T02:39:44.502839+00:00,paged,5689.0
2026-06-16T02:39:44.806093+00:00,paged,5689.0
2026-06-16T02:39:45.103854+00:00,paged,5689.0
2026-06-16T02:39:45.407622+00:00,paged,5689.0
2026-06-16T02:39:45.710599+00:00,paged,5689.0
2026-06-16T02:39:46.015092+00:00,paged,5689.0
2026-06-16T02:39:46.318169+00:00,paged,5689.0
2026-06-16T02:39:46.620238+00:00,paged,5689.0
2026-06-16T02:39:46.927701+00:00,paged,5689.0
2026-06-16T02:39:47.229498+00:00,paged,5689.0
2026-06-16T02:39:47.529516+00:00,paged,5689.0
2026-06-16T02:39:47.831844+00:00,paged,5689.0
2026-06-16T02:39:48.133801+00:00,paged,5689.0
2026-06-16T02:39:48.436642+00:00,paged,5689.0
2026-06-16T02:39:48.739022+00:00,paged,5689.0
2026-06-16T02:39:49.041621+00:00,paged,5689.0
2026-06-16T02:39:49.345019+00:00,paged,5689.0
2026-06-16T02:39:49.646914+00:00,paged,5689.0
2026-06-16T02:39:49.947606+00:00,paged,5689.0
2026-06-16T02:39:50.258272+00:00,paged,5689.0
2026-06-16T02:39:50.560366+00:00,paged,5689.0
2026-06-16T02:39:50.861196+00:00,paged,5689.0
2026-06-16T02:39:51.164828+00:00,paged,5689.0
2026-06-16T02:39:51.466841+00:00,paged,5689.0
2026-06-16T02:39:51.769934+00:00,paged,5689.0
2026-06-16T02:39:52.072735+00:00,paged,5689.0
2026-06-16T02:39:52.377592+00:00,paged,5689.0
2026-06-16T02:39:52.678165+00:00,paged,5689.0
2026-06-16T02:39:52.980279+00:00,paged,5689.0
2026-06-16T02:39:53.289794+00:00,paged,5689.0
2026-06-16T02:39:53.590199+00:00,paged,5689.0
2026-06-16T02:39:53.892047+00:00,paged,5689.0
2026-06-16T02:39:54.195756+00:00,paged,5689.0
2026-06-16T02:39:54.497080+00:00,paged,5689.0
2026-06-16T02:39:54.800934+00:00,paged,5689.0
2026-06-16T02:39:55.103511+00:00,paged,5689.0
2026-06-16T02:39:55.408464+00:00,paged,5689.0
2026-06-16T02:39:55.720212+00:00,paged,5689.0
2026-06-16T02:39:56.020372+00:00,paged,5689.0
2026-06-16T02:39:56.323531+00:00,paged,5689.0
2026-06-16T02:39:56.626256+00:00,paged,5689.0
2026-06-16T02:39:56.928302+00:00,paged,5689.0
2026-06-16T02:39:57.233727+00:00,paged,5689.0
2026-06-16T02:39:57.537392+00:00,paged,5689.0
2026-06-16T02:39:57.840397+00:00,paged,5689.0
2026-06-16T02:39:58.141615+00:00,paged,5689.0
2026-06-16T02:39:58.443267+00:00,paged,5689.0
2026-06-16T02:39:58.747126+00:00,paged,5689.0
2026-06-16T02:39:59.046735+00:00,paged,5855.0
2026-06-16T02:39:59.351137+00:00,paged,5855.0
2026-06-16T02:39:59.651597+00:00,paged,5855.0
2026-06-16T02:39:59.959096+00:00,paged,5855.0
2026-06-16T02:40:00.262666+00:00,paged,5855.0
2026-06-16T02:40:00.565906+00:00,paged,5855.0
2026-06-16T02:40:00.866733+00:00,paged,5855.0
2026-06-16T02:40:01.166806+00:00,paged,5855.0
2026-06-16T02:40:01.468391+00:00,paged,5855.0
2026-06-16T02:40:01.771820+00:00,paged,5855.0
2026-06-16T02:40:02.074440+00:00,paged,5855.0
2026-06-16T02:40:02.374874+00:00,paged,5855.0
2026-06-16T02:40:02.676894+00:00,paged,5855.0
2026-06-16T02:40:02.981785+00:00,paged,5855.0
2026-06-16T02:40:03.286465+00:00,paged,5855.0
2026-06-16T02:40:03.584590+00:00,paged,5855.0
2026-06-16T02:40:03.910704+00:00,paged,5855.0
2026-06-16T02:40:04.212771+00:00,paged,5855.0
2026-06-16T02:40:04.520361+00:00,paged,5855.0
2026-06-16T02:40:04.824535+00:00,paged,5855.0
2026-06-16T02:40:05.124152+00:00,paged,5855.0
2026-06-16T02:40:05.429110+00:00,paged,5855.0
2026-06-16T02:40:05.734110+00:00,paged,5855.0
2026-06-16T02:40:06.042251+00:00,paged,5855.0
2026-06-16T02:40:06.346180+00:00,paged,5855.0
2026-06-16T02:40:06.650941+00:00,paged,5855.0
2026-06-16T02:40:06.951636+00:00,paged,5855.0
2026-06-16T02:40:07.258919+00:00,paged,5855.0
2026-06-16T02:40:07.560145+00:00,paged,5855.0
2026-06-16T02:40:07.866512+00:00,paged,5855.0
2026-06-16T02:40:08.183522+00:00,paged,5855.0
2026-06-16T02:40:08.490268+00:00,paged,5855.0
2026-06-16T02:40:08.794436+00:00,paged,5855.0
2026-06-16T02:40:09.096823+00:00,paged,5855.0
2026-06-16T02:40:09.400938+00:00,paged,5855.0
2026-06-16T02:40:09.702450+00:00,paged,5855.0
2026-06-16T02:40:10.005525+00:00,paged,5855.0
2026-06-16T02:40:10.312899+00:00,paged,5855.0
2026-06-16T02:40:10.614411+00:00,paged,5855.0
2026-06-16T02:40:10.915555+00:00,paged,5855.0
2026-06-16T02:40:11.216558+00:00,paged,5855.0
2026-06-16T02:40:11.521178+00:00,paged,5855.0
2026-06-16T02:40:11.824066+00:00,paged,5855.0
2026-06-16T02:40:12.126611+00:00,paged,5855.0
2026-06-16T02:40:12.433353+00:00,paged,5855.0
2026-06-16T02:40:12.735995+00:00,paged,5855.0
2026-06-16T02:40:13.042225+00:00,paged,5855.0
2026-06-16T02:40:13.343991+00:00,paged,5855.0
2026-06-16T02:40:13.648748+00:00,paged,5855.0
2026-06-16T02:40:13.952226+00:00,paged,5855.0
2026-06-16T02:40:14.260428+00:00,paged,5855.0
2026-06-16T02:40:14.569917+00:00,paged,5855.0
2026-06-16T02:40:14.875008+00:00,paged,5855.0
2026-06-16T02:40:15.178449+00:00,paged,5855.0
2026-06-16T02:40:15.479992+00:00,paged,5855.0
2026-06-16T02:40:15.784711+00:00,paged,5855.0
2026-06-16T02:40:16.088994+00:00,paged,5855.0
2026-06-16T02:40:16.392583+00:00,paged,5855.0
2026-06-16T02:40:16.702339+00:00,paged,5855.0
2026-06-16T02:40:17.006910+00:00,paged,5855.0
2026-06-16T02:40:17.310603+00:00,paged,5855.0
2026-06-16T02:40:17.616916+00:00,paged,5855.0
2026-06-16T02:40:17.920564+00:00,paged,5855.0
2026-06-16T02:40:18.220903+00:00,paged,5855.0
2026-06-16T02:40:18.523730+00:00,paged,5855.0
2026-06-16T02:40:18.831144+00:00,paged,5855.0
2026-06-16T02:40:19.133703+00:00,paged,5855.0
2026-06-16T02:40:19.442133+00:00,paged,5855.0
2026-06-16T02:40:19.744787+00:00,paged,5855.0
2026-06-16T02:40:20.048146+00:00,paged,5855.0
2026-06-16T02:40:20.350106+00:00,paged,5855.0
2026-06-16T02:40:20.655074+00:00,paged,5855.0
2026-06-16T02:40:20.960790+00:00,paged,5855.0
2026-06-16T02:40:21.265179+00:00,paged,5855.0
2026-06-16T02:40:21.567854+00:00,paged,5855.0
2026-06-16T02:40:21.868875+00:00,paged,5855.0
2026-06-16T02:40:22.172258+00:00,paged,5855.0
2026-06-16T02:40:22.478465+00:00,paged,5855.0
2026-06-16T02:40:22.781587+00:00,paged,5855.0
2026-06-16T02:40:23.086604+00:00,paged,5855.0
2026-06-16T02:40:23.388861+00:00,paged,5855.0
2026-06-16T02:40:23.692874+00:00,paged,5855.0
2026-06-16T02:40:23.993930+00:00,paged,5855.0
2026-06-16T02:40:24.296337+00:00,paged,5855.0
2026-06-16T02:40:24.598912+00:00,paged,5855.0
2026-06-16T02:40:24.899921+00:00,paged,5855.0
2026-06-16T02:40:25.204979+00:00,paged,5855.0
2026-06-16T02:40:25.512138+00:00,paged,5855.0
2026-06-16T02:40:25.814760+00:00,paged,5855.0
2026-06-16T02:40:26.117347+00:00,paged,5855.0
2026-06-16T02:40:26.418536+00:00,paged,5855.0
2026-06-16T02:40:26.721146+00:00,paged,5855.0
2026-06-16T02:40:27.024865+00:00,paged,5855.0
2026-06-16T02:40:27.328271+00:00,paged,5855.0
2026-06-16T02:40:27.631531+00:00,paged,5855.0
2026-06-16T02:40:27.934611+00:00,paged,5855.0
2026-06-16T02:40:28.243922+00:00,paged,5855.0
2026-06-16T02:40:28.549512+00:00,paged,5855.0
2026-06-16T02:40:28.856317+00:00,paged,5855.0
2026-06-16T02:40:29.159329+00:00,paged,5855.0
2026-06-16T02:40:29.464763+00:00,paged,5855.0
2026-06-16T02:40:29.765826+00:00,paged,5855.0
2026-06-16T02:40:30.069631+00:00,paged,5855.0
2026-06-16T02:40:30.370733+00:00,paged,5855.0
2026-06-16T02:40:30.674658+00:00,paged,5855.0
2026-06-16T02:40:30.974497+00:00,paged,5855.0
2026-06-16T02:40:31.276232+00:00,paged,5855.0
2026-06-16T02:40:31.583700+00:00,paged,5855.0
2026-06-16T02:40:31.888374+00:00,paged,5855.0
2026-06-16T02:40:32.190160+00:00,paged,5855.0
2026-06-16T02:40:32.491561+00:00,paged,5855.0
2026-06-16T02:40:32.790178+00:00,paged,5855.0
2026-06-16T02:40:33.094377+00:00,paged,5855.0
2026-06-16T02:40:33.395547+00:00,paged,5855.0
2026-06-16T02:40:33.701920+00:00,paged,5855.0
2026-06-16T02:40:34.004211+00:00,paged,5855.0
2026-06-16T02:40:34.304603+00:00,paged,5855.0
2026-06-16T02:40:34.604845+00:00,paged,5855.0
2026-06-16T02:40:34.905977+00:00,paged,5855.0
2026-06-16T02:40:35.206354+00:00,paged,5855.0
2026-06-16T02:40:35.511566+00:00,paged,5855.0
2026-06-16T02:40:35.819552+00:00,paged,5855.0
2026-06-16T02:40:36.123159+00:00,paged,5855.0
2026-06-16T02:40:36.426656+00:00,paged,5855.0
2026-06-16T02:40:36.730996+00:00,paged,5855.0
2026-06-16T02:40:37.032191+00:00,paged,5855.0
2026-06-16T02:40:37.338604+00:00,paged,5855.0
2026-06-16T02:40:37.642013+00:00,paged,5855.0
2026-06-16T02:40:37.947842+00:00,paged,5855.0
2026-06-16T02:40:38.268166+00:00,paged,5855.0
2026-06-16T02:40:38.570993+00:00,paged,5855.0
2026-06-16T02:40:38.880452+00:00,paged,5855.0
2026-06-16T02:40:39.181069+00:00,paged,5855.0
2026-06-16T02:40:39.483966+00:00,paged,5855.0
2026-06-16T02:40:39.788584+00:00,paged,5855.0
2026-06-16T02:40:40.092303+00:00,paged,5855.0
2026-06-16T02:40:40.394118+00:00,paged,5855.0
2026-06-16T02:40:40.698484+00:00,paged,5855.0
2026-06-16T02:40:41.000629+00:00,paged,5855.0
2026-06-16T02:40:41.304476+00:00,paged,5855.0
2026-06-16T02:40:41.607426+00:00,paged,5855.0
2026-06-16T02:40:41.909816+00:00,paged,5855.0
2026-06-16T02:40:42.217674+00:00,paged,5855.0
2026-06-16T02:40:42.521860+00:00,paged,5855.0
2026-06-16T02:40:42.826920+00:00,paged,5855.0
2026-06-16T02:40:43.128167+00:00,paged,5855.0
2026-06-16T02:40:43.429857+00:00,paged,5855.0
2026-06-16T02:40:43.732763+00:00,paged,5855.0
2026-06-16T02:40:44.036961+00:00,paged,5855.0
2026-06-16T02:40:44.347017+00:00,paged,5855.0
2026-06-16T02:40:44.658262+00:00,paged,5855.0
2026-06-16T02:40:44.960621+00:00,paged,5855.0
2026-06-16T02:40:45.263813+00:00,paged,5855.0
2026-06-16T02:40:45.564272+00:00,paged,5855.0
2026-06-16T02:40:45.868117+00:00,paged,5855.0
2026-06-16T02:40:46.174401+00:00,paged,5855.0
2026-06-16T02:40:46.481840+00:00,paged,5855.0
2026-06-16T02:40:46.788629+00:00,paged,5855.0
2026-06-16T02:40:47.090766+00:00,paged,5855.0
2026-06-16T02:40:47.392648+00:00,paged,5855.0
2026-06-16T02:40:47.697441+00:00,paged,5855.0
2026-06-16T02:40:48.002044+00:00,paged,5855.0
2026-06-16T02:40:48.304163+00:00,paged,5855.0
2026-06-16T02:40:48.613919+00:00,paged,5855.0
2026-06-16T02:40:48.915413+00:00,paged,5855.0
2026-06-16T02:40:49.219819+00:00,paged,5855.0
2026-06-16T02:40:49.522143+00:00,paged,5855.0
2026-06-16T02:40:49.823597+00:00,paged,5855.0
2026-06-16T02:40:50.124369+00:00,paged,5855.0
2026-06-16T02:40:50.423731+00:00,paged,5855.0
2026-06-16T02:40:50.731592+00:00,paged,5855.0
2026-06-16T02:40:51.031828+00:00,paged,5855.0
2026-06-16T02:40:51.334119+00:00,paged,5855.0
2026-06-16T02:40:51.638686+00:00,paged,5855.0
2026-06-16T02:40:51.941170+00:00,paged,5855.0
2026-06-16T02:40:52.249232+00:00,paged,5855.0
2026-06-16T02:40:52.549468+00:00,paged,5855.0
2026-06-16T02:40:52.852924+00:00,paged,5855.0
2026-06-16T02:40:53.155086+00:00,paged,5855.0
2026-06-16T02:40:53.458630+00:00,paged,5855.0
2026-06-16T02:40:53.760762+00:00,paged,5855.0
2026-06-16T02:40:54.062638+00:00,paged,5855.0
2026-06-16T02:40:54.364983+00:00,paged,5855.0
2026-06-16T02:40:54.664842+00:00,paged,5855.0
2026-06-16T02:40:54.969166+00:00,paged,5855.0
2026-06-16T02:40:55.273511+00:00,paged,5855.0
2026-06-16T02:40:55.577498+00:00,paged,5855.0
2026-06-16T02:40:55.878546+00:00,paged,5855.0
2026-06-16T02:40:56.179614+00:00,paged,5855.0
2026-06-16T02:40:56.478956+00:00,paged,5855.0
2026-06-16T02:40:56.780375+00:00,paged,5855.0
2026-06-16T02:40:57.086848+00:00,paged,5855.0
2026-06-16T02:40:57.386366+00:00,paged,5855.0
2026-06-16T02:40:57.685874+00:00,paged,5855.0
2026-06-16T02:40:57.984668+00:00,paged,5855.0
2026-06-16T02:40:58.283946+00:00,paged,5855.0
2026-06-16T02:40:58.587380+00:00,paged,5855.0
2026-06-16T02:40:58.899001+00:00,paged,5855.0
2026-06-16T02:40:59.205833+00:00,paged,5855.0
2026-06-16T02:40:59.512674+00:00,paged,5855.0
2026-06-16T02:40:59.813786+00:00,paged,5855.0
2026-06-16T02:41:00.115394+00:00,paged,5855.0
2026-06-16T02:41:00.415257+00:00,paged,5855.0
2026-06-16T02:41:00.713455+00:00,paged,5855.0
2026-06-16T02:41:01.012186+00:00,paged,5855.0
2026-06-16T02:41:01.319150+00:00,paged,5855.0
2026-06-16T02:41:01.620559+00:00,paged,5855.0
2026-06-16T02:41:01.920503+00:00,paged,5855.0
2026-06-16T02:41:02.219399+00:00,paged,5855.0
2026-06-16T02:41:02.517873+00:00,paged,5855.0
2026-06-16T02:41:02.815840+00:00,paged,5855.0
2026-06-16T02:41:03.114729+00:00,paged,5855.0
2026-06-16T02:41:03.420316+00:00,paged,5855.0
2026-06-16T02:41:03.723072+00:00,paged,5855.0
2026-06-16T02:41:04.022497+00:00,paged,5855.0
2026-06-16T02:41:04.320692+00:00,paged,5855.0
2026-06-16T02:41:04.624141+00:00,paged,5855.0
2026-06-16T02:41:04.924073+00:00,paged,5855.0
2026-06-16T02:41:05.222886+00:00,paged,5855.0
2026-06-16T02:41:05.527653+00:00,paged,5855.0
2026-06-16T02:41:05.825824+00:00,paged,5855.0
2026-06-16T02:41:06.125437+00:00,paged,5855.0
2026-06-16T02:41:06.426292+00:00,paged,5855.0
2026-06-16T02:41:06.729802+00:00,paged,5855.0
2026-06-16T02:41:07.029561+00:00,paged,5855.0
2026-06-16T02:41:07.329602+00:00,paged,5855.0
2026-06-16T02:41:07.637221+00:00,paged,5855.0
2026-06-16T02:41:07.938653+00:00,paged,5855.0
2026-06-16T02:41:08.239700+00:00,paged,5855.0
2026-06-16T02:41:08.541194+00:00,paged,5855.0
2026-06-16T02:41:08.864370+00:00,paged,5855.0
2026-06-16T02:41:09.171362+00:00,paged,5855.0
2026-06-16T02:41:09.471911+00:00,paged,5855.0
2026-06-16T02:41:09.780995+00:00,paged,5855.0
2026-06-16T02:41:10.082329+00:00,paged,5855.0
2026-06-16T02:41:10.381635+00:00,paged,5855.0
2026-06-16T02:41:10.682921+00:00,paged,5855.0
2026-06-16T02:41:10.984957+00:00,paged,5855.0
2026-06-16T02:41:11.284935+00:00,paged,5855.0
2026-06-16T02:41:11.585868+00:00,paged,5855.0
2026-06-16T02:41:11.898448+00:00,paged,5855.0
2026-06-16T02:41:12.203030+00:00,paged,5855.0
2026-06-16T02:41:12.505246+00:00,paged,5855.0
2026-06-16T02:41:12.804592+00:00,paged,5855.0
2026-06-16T02:41:13.107747+00:00,paged,5855.0
2026-06-16T02:41:13.410936+00:00,paged,5855.0
2026-06-16T02:41:13.714394+00:00,paged,5855.0
2026-06-16T02:41:14.020974+00:00,paged,5855.0
2026-06-16T02:41:14.322344+00:00,paged,5855.0
2026-06-16T02:41:14.624258+00:00,paged,5855.0
2026-06-16T02:41:14.926844+00:00,paged,5855.0
2026-06-16T02:41:15.235786+00:00,paged,5855.0
2026-06-16T02:41:15.537308+00:00,paged,5855.0
2026-06-16T02:41:15.837187+00:00,paged,5855.0
2026-06-16T02:41:16.156147+00:00,paged,5855.0
2026-06-16T02:41:16.457134+00:00,paged,5855.0
2026-06-16T02:41:16.759631+00:00,paged,5855.0
2026-06-16T02:41:17.064598+00:00,paged,5855.0
2026-06-16T02:41:17.366474+00:00,paged,5855.0
2026-06-16T02:41:17.669855+00:00,paged,5855.0
2026-06-16T02:41:17.970126+00:00,paged,5855.0
2026-06-16T02:41:18.277663+00:00,paged,5855.0
2026-06-16T02:41:18.579836+00:00,paged,5855.0
2026-06-16T02:41:18.880714+00:00,paged,5855.0
2026-06-16T02:41:19.180709+00:00,paged,5855.0
2026-06-16T02:41:19.482323+00:00,paged,5855.0
2026-06-16T02:41:19.784117+00:00,paged,5855.0
2026-06-16T02:41:20.084914+00:00,paged,5855.0
2026-06-16T02:41:20.392919+00:00,paged,5855.0
2026-06-16T02:41:20.697229+00:00,paged,5855.0
2026-06-16T02:41:21.000247+00:00,paged,5855.0
2026-06-16T02:41:21.303311+00:00,paged,5855.0
2026-06-16T02:41:21.605651+00:00,paged,5855.0
2026-06-16T02:41:21.908055+00:00,paged,5855.0
2026-06-16T02:41:22.210043+00:00,paged,5855.0
2026-06-16T02:41:22.516788+00:00,paged,5855.0
2026-06-16T02:41:22.817904+00:00,paged,5855.0
2026-06-16T02:41:23.119009+00:00,paged,5855.0
2026-06-16T02:41:23.420342+00:00,paged,5855.0
2026-06-16T02:41:23.722221+00:00,paged,5855.0
2026-06-16T02:41:24.026935+00:00,paged,5855.0
2026-06-16T02:41:24.333336+00:00,paged,5855.0
2026-06-16T02:41:24.644741+00:00,paged,5855.0
2026-06-16T02:41:24.951147+00:00,paged,5855.0
2026-06-16T02:41:25.253444+00:00,paged,5855.0
2026-06-16T02:41:25.561513+00:00,paged,5855.0
2026-06-16T02:41:25.867003+00:00,paged,5855.0
2026-06-16T02:41:26.171356+00:00,paged,5855.0
2026-06-16T02:41:26.479199+00:00,paged,5855.0
2026-06-16T02:41:26.791074+00:00,paged,5855.0
2026-06-16T02:41:27.094396+00:00,paged,5855.0
2026-06-16T02:41:27.399680+00:00,paged,5855.0
2026-06-16T02:41:27.704718+00:00,paged,5855.0
2026-06-16T02:41:28.011554+00:00,paged,5855.0
2026-06-16T02:41:28.315684+00:00,paged,5855.0
2026-06-16T02:41:28.625835+00:00,paged,5855.0
2026-06-16T02:41:28.947502+00:00,paged,5855.0
2026-06-16T02:41:29.247966+00:00,paged,5855.0
2026-06-16T02:41:29.548274+00:00,paged,5855.0
2026-06-16T02:41:29.850447+00:00,paged,5855.0
2026-06-16T02:41:30.150280+00:00,paged,5855.0
2026-06-16T02:41:30.452730+00:00,paged,5855.0
2026-06-16T02:41:30.751877+00:00,paged,5855.0
2026-06-16T02:41:31.061864+00:00,paged,5855.0
2026-06-16T02:41:31.367006+00:00,paged,5855.0
2026-06-16T02:41:31.668771+00:00,paged,5855.0
2026-06-16T02:41:31.973557+00:00,paged,5855.0
2026-06-16T02:41:32.274597+00:00,paged,5855.0
2026-06-16T02:41:32.577246+00:00,paged,5855.0
2026-06-16T02:41:32.878756+00:00,paged,5855.0
2026-06-16T02:41:33.182985+00:00,paged,5855.0
2026-06-16T02:41:33.488146+00:00,paged,5855.0
2026-06-16T02:41:33.786863+00:00,paged,5855.0
2026-06-16T02:41:34.088393+00:00,paged,5855.0
2026-06-16T02:41:34.388250+00:00,paged,5855.0
2026-06-16T02:41:34.688921+00:00,paged,5855.0
2026-06-16T02:41:34.989876+00:00,paged,5855.0
2026-06-16T02:41:35.297731+00:00,paged,5855.0
2026-06-16T02:41:35.604210+00:00,paged,5855.0
2026-06-16T02:41:35.905690+00:00,paged,5855.0
2026-06-16T02:41:36.206112+00:00,paged,5855.0
2026-06-16T02:41:36.508367+00:00,paged,5855.0
2026-06-16T02:41:36.807931+00:00,paged,5855.0
2026-06-16T02:41:37.109286+00:00,paged,5855.0
2026-06-16T02:41:37.415487+00:00,paged,5855.0
2026-06-16T02:41:37.716918+00:00,paged,5855.0
2026-06-16T02:41:38.019183+00:00,paged,5855.0
2026-06-16T02:41:38.322453+00:00,paged,5855.0
2026-06-16T02:41:38.622176+00:00,paged,5855.0
2026-06-16T02:41:38.927159+00:00,paged,5855.0
2026-06-16T02:41:39.232129+00:00,paged,5855.0
2026-06-16T02:41:39.543689+00:00,paged,5855.0
2026-06-16T02:41:39.848443+00:00,paged,5855.0
2026-06-16T02:41:40.151369+00:00,paged,5855.0
2026-06-16T02:41:40.457147+00:00,paged,5855.0
2026-06-16T02:41:40.763584+00:00,paged,5855.0
2026-06-16T02:41:41.067825+00:00,paged,5855.0
2026-06-16T02:41:41.373960+00:00,paged,5855.0
2026-06-16T02:41:41.682317+00:00,paged,5855.0
2026-06-16T02:41:41.988757+00:00,paged,5855.0
2026-06-16T02:41:42.294785+00:00,paged,5855.0
2026-06-16T02:41:42.600015+00:00,paged,5855.0
2026-06-16T02:41:42.905998+00:00,paged,5855.0
2026-06-16T02:41:43.209092+00:00,paged,5855.0
2026-06-16T02:41:43.515708+00:00,paged,5855.0
2026-06-16T02:41:43.822537+00:00,paged,5855.0
2026-06-16T02:41:44.126065+00:00,paged,5855.0
2026-06-16T02:41:44.431657+00:00,paged,5855.0
2026-06-16T02:41:44.736609+00:00,paged,5855.0
2026-06-16T02:41:45.041929+00:00,paged,5855.0
2026-06-16T02:41:45.345759+00:00,paged,5855.0
2026-06-16T02:41:45.653743+00:00,paged,5855.0
2026-06-16T02:41:45.966664+00:00,paged,5855.0
2026-06-16T02:41:46.275947+00:00,paged,5855.0
2026-06-16T02:41:46.584055+00:00,paged,5855.0
2026-06-16T02:41:46.890100+00:00,paged,5855.0
2026-06-16T02:41:47.191272+00:00,paged,5855.0
2026-06-16T02:41:47.493380+00:00,paged,5855.0
2026-06-16T02:41:47.792869+00:00,paged,5855.0
2026-06-16T02:41:48.098695+00:00,paged,5855.0
2026-06-16T02:41:48.416986+00:00,paged,5855.0
2026-06-16T02:41:48.718977+00:00,paged,5855.0
2026-06-16T02:41:49.024206+00:00,paged,5855.0
2026-06-16T02:41:49.328738+00:00,paged,5855.0
2026-06-16T02:41:49.629517+00:00,paged,5855.0
2026-06-16T02:41:49.932328+00:00,paged,5855.0
2026-06-16T02:41:50.246004+00:00,paged,5855.0
2026-06-16T02:41:50.547956+00:00,paged,5855.0
2026-06-16T02:41:50.849962+00:00,paged,5855.0
2026-06-16T02:41:51.152645+00:00,paged,5855.0
2026-06-16T02:41:51.454308+00:00,paged,5855.0
2026-06-16T02:41:51.756850+00:00,paged,5855.0
2026-06-16T02:41:52.057923+00:00,paged,5855.0
2026-06-16T02:41:52.361955+00:00,paged,5855.0
2026-06-16T02:41:52.662572+00:00,paged,5855.0
2026-06-16T02:41:52.967516+00:00,paged,5855.0
2026-06-16T02:41:53.273720+00:00,paged,5855.0
2026-06-16T02:41:53.577111+00:00,paged,5855.0
2026-06-16T02:41:53.882988+00:00,paged,5855.0
2026-06-16T02:41:54.184273+00:00,paged,5855.0
2026-06-16T02:41:54.489979+00:00,paged,5855.0
2026-06-16T02:41:54.794280+00:00,paged,5855.0
2026-06-16T02:41:55.095849+00:00,paged,5855.0
2026-06-16T02:41:55.397145+00:00,paged,5855.0
2026-06-16T02:41:55.698279+00:00,paged,5855.0
2026-06-16T02:41:56.000795+00:00,paged,5855.0
2026-06-16T02:41:56.301702+00:00,paged,5855.0
2026-06-16T02:41:56.607554+00:00,paged,5855.0
2026-06-16T02:41:56.911562+00:00,paged,5855.0
2026-06-16T02:41:57.212262+00:00,paged,5855.0
2026-06-16T02:41:57.516984+00:00,paged,5855.0
2026-06-16T02:41:57.817040+00:00,paged,5855.0
2026-06-16T02:41:58.119446+00:00,paged,5855.0
2026-06-16T02:41:58.424075+00:00,paged,5855.0
2026-06-16T02:41:58.728443+00:00,paged,5855.0
2026-06-16T02:41:59.029647+00:00,paged,5855.0
2026-06-16T02:41:59.340244+00:00,paged,5855.0
2026-06-16T02:41:59.644464+00:00,paged,5855.0
2026-06-16T02:41:59.945684+00:00,paged,5855.0
2026-06-16T02:42:00.250747+00:00,paged,5855.0
2026-06-16T02:42:00.553990+00:00,paged,5855.0
2026-06-16T02:42:00.858346+00:00,paged,5855.0
2026-06-16T02:42:01.162933+00:00,paged,5855.0
2026-06-16T02:42:01.466098+00:00,paged,5855.0
2026-06-16T02:42:01.766619+00:00,paged,5855.0
2026-06-16T02:42:02.071014+00:00,paged,5855.0
2026-06-16T02:42:02.376022+00:00,paged,5855.0
2026-06-16T02:42:02.682214+00:00,paged,5855.0
2026-06-16T02:42:02.991859+00:00,paged,5855.0
2026-06-16T02:42:03.295926+00:00,paged,5855.0
2026-06-16T02:42:03.602258+00:00,paged,5855.0
2026-06-16T02:42:03.906067+00:00,paged,5855.0
2026-06-16T02:42:04.213274+00:00,paged,5855.0
2026-06-16T02:42:04.521032+00:00,paged,5855.0
2026-06-16T02:42:04.828092+00:00,paged,5855.0
2026-06-16T02:42:05.136473+00:00,paged,5855.0
2026-06-16T02:42:05.444329+00:00,paged,5855.0
2026-06-16T02:42:05.749338+00:00,paged,5855.0
2026-06-16T02:42:06.061010+00:00,paged,5855.0
2026-06-16T02:42:06.368949+00:00,paged,5855.0
2026-06-16T02:42:06.674877+00:00,paged,5855.0
2026-06-16T02:42:06.978683+00:00,paged,5855.0
2026-06-16T02:42:07.286718+00:00,paged,5855.0
2026-06-16T02:42:07.591409+00:00,paged,5855.0
2026-06-16T02:42:07.892777+00:00,paged,5855.0
2026-06-16T02:42:08.197100+00:00,paged,5855.0
2026-06-16T02:42:08.501215+00:00,paged,5855.0
2026-06-16T02:42:08.805743+00:00,paged,5855.0
2026-06-16T02:42:09.109403+00:00,paged,5855.0
2026-06-16T02:42:09.415884+00:00,paged,5855.0
2026-06-16T02:42:09.720342+00:00,paged,5855.0
2026-06-16T02:42:10.024216+00:00,paged,5855.0
2026-06-16T02:42:10.330380+00:00,paged,5855.0
2026-06-16T02:42:10.635414+00:00,paged,5855.0
2026-06-16T02:42:10.940281+00:00,paged,5855.0
2026-06-16T02:42:11.245848+00:00,paged,5855.0
2026-06-16T02:42:11.553948+00:00,paged,5855.0
2026-06-16T02:42:11.858817+00:00,paged,5855.0
2026-06-16T02:42:12.166035+00:00,paged,5855.0
2026-06-16T02:42:12.470491+00:00,paged,5855.0
2026-06-16T02:42:12.779053+00:00,paged,5855.0
2026-06-16T02:42:13.081878+00:00,paged,5855.0
2026-06-16T02:42:13.387372+00:00,paged,5855.0
2026-06-16T02:42:13.693305+00:00,paged,5855.0
2026-06-16T02:42:14.003169+00:00,paged,5855.0
2026-06-16T02:42:14.309267+00:00,paged,5855.0
2026-06-16T02:42:14.614242+00:00,paged,5855.0
2026-06-16T02:42:14.919879+00:00,paged,5855.0
2026-06-16T02:42:15.222610+00:00,paged,5855.0
2026-06-16T02:42:15.529147+00:00,paged,5855.0
2026-06-16T02:42:15.837153+00:00,paged,5855.0
2026-06-16T02:42:16.145633+00:00,paged,5855.0
2026-06-16T02:42:16.451044+00:00,paged,5855.0
2026-06-16T02:42:16.757443+00:00,paged,5855.0
2026-06-16T02:42:17.062346+00:00,paged,5855.0
2026-06-16T02:42:17.368384+00:00,paged,5855.0
2026-06-16T02:42:17.673994+00:00,paged,5855.0
2026-06-16T02:42:17.981454+00:00,paged,5855.0
2026-06-16T02:42:18.288429+00:00,paged,5855.0
